{"stats":{"minecraft:picked_up":{"minecraft:birch_log":2,"minecraft:dirt":1},"minecraft:used":{"minecraft:dirt":1,"minecraft:birch_planks":8,"minecraft:zombie_spawn_egg":3},"minecraft:crafted":{"minecraft:birch_planks":8},"minecraft:killed_by":{"minecraft:zombie":2},"minecraft:custom":{"minecraft:time_since_rest":473,"minecraft:crouch_one_cm":67,"minecraft:play_time":3598,"minecraft:sprint_one_cm":2373,"minecraft:deaths":2,"minecraft:damage_taken":525,"minecraft:walk_one_cm":9333,"minecraft:sneak_time":64,"minecraft:jump":105,"minecraft:damage_dealt":395,"minecraft:leave_game":1,"minecraft:walk_on_water_one_cm":79,"minecraft:time_since_death":450,"minecraft:total_world_time":3598,"minecraft:fall_one_cm":4946,"minecraft:fly_one_cm":8915},"minecraft:mined":{"minecraft:grass":1,"minecraft:grass_block":1,"minecraft:birch_log":2}},"DataVersion":3465}