{"stats":{"minecraft:picked_up":{"minecraft:beef":3,"minecraft:leather":2},"minecraft:killed":{"minecraft:cow":1},"minecraft:mined":{"minecraft:grass":5},"minecraft:custom":{"minecraft:jump":52,"minecraft:time_since_rest":1550,"minecraft:damage_dealt":100,"minecraft:crouch_one_cm":164,"minecraft:leave_game":1,"minecraft:sprint_one_cm":837,"minecraft:play_time":1550,"minecraft:damage_taken":30,"minecraft:time_since_death":1550,"minecraft:walk_one_cm":6860,"minecraft:sneak_time":64,"minecraft:total_world_time":1550,"minecraft:mob_kills":1,"minecraft:fall_one_cm":1047,"minecraft:fly_one_cm":789}},"DataVersion":3465}