{"stats":{"minecraft:killed_by":{"minecraft:zombie":1},"minecraft:mined":{"minecraft:grass":81},"minecraft:custom":{"minecraft:time_since_rest":30,"minecraft:crouch_one_cm":483,"minecraft:sprint_one_cm":5572,"minecraft:play_time":11395,"minecraft:deaths":1,"minecraft:damage_taken":275,"minecraft:walk_one_cm":25875,"minecraft:sneak_time":116,"minecraft:walk_under_water_one_cm":412,"minecraft:mob_kills":4,"minecraft:jump":152,"minecraft:damage_dealt":415,"minecraft:leave_game":6,"minecraft:walk_on_water_one_cm":151,"minecraft:time_since_death":0,"minecraft:total_world_time":11395,"minecraft:swim_one_cm":736,"minecraft:fall_one_cm":5291,"minecraft:fly_one_cm":12198},"minecraft:killed":{"minecraft:sheep":2,"minecraft:cow":2},"minecraft:picked_up":{"minecraft:leather":4,"minecraft:wheat_seeds":12,"minecraft:beef":6,"minecraft:mutton":2,"minecraft:white_wool":2}},"DataVersion":3465}